<?xml version="1.0" encoding="UTF-8"?>
<!DOCTYPE generatorConfiguration PUBLIC "-//mybatis.org//DTD MyBatis Generator Configuration 1.0//EN" "http://mybatis.org/dtd/mybatis-generator-config_1_0.dtd">
<generatorConfiguration>
	<!-- oracle lib location -->
	<classPathEntry location="D:\oracle\jdbc\lib\ojdbc14.jar" />
	<context id="DB2Tables" targetRuntime="MyBatis3">
		<commentGenerator>
			<property name="suppressAllComments" value="true" />
		</commentGenerator>
		<!-- oracle URL、username、password -->
		<jdbcConnection driverClass="oracle.jdbc.driver.OracleDriver" connectionURL="jdbc:oracle:thin:@localhost:1521:orcl" userId="scott" password="oracle">
		</jdbcConnection>
		<javaTypeResolver>
			<property name="forceBigDecimals" value="false" />
		</javaTypeResolver>
		<!-- model package and location -->
		<javaModelGenerator targetPackage="rml.model" targetProject="C:\mybatis">
			<property name="enableSubPackages" value="true" />
			<property name="trimStrings" value="true" />
		</javaModelGenerator>
		<!-- mapping package and location -->
		<sqlMapGenerator targetPackage="rml.mapping" targetProject="C:\mybatis">
			<property name="enableSubPackages" value="true" />
		</sqlMapGenerator>
		<!-- dao package and location -->
		<javaClientGenerator type="XMLMAPPER" targetPackage="rml.dao" targetProject="C:\mybatis">
			<property name="enableSubPackages" value="true" />
		</javaClientGenerator>
		<!-- table name,  change tableName and domainObjectName  -->
		<table tableName="muser" domainObjectName="MUser" enableCountByExample="false" enableUpdateByExample="false" enableDeleteByExample="false" enableSelectByExample="false" selectByExampleQueryId="false" />
		
	</context>
</generatorConfiguration>